{
  "models": {
    "ast_proxy_only": {
      "MAP@R": {
        "mean": 0.29565892650573433,
        "std": 0.00034223262867655145,
        "n": 3
      },
      "Recall@1": {
        "mean": 0.9357222222222222,
        "std": 0.0004321208107251171,
        "n": 3
      },
      "Recall@5": {
        "mean": 0.9773611111111111,
        "std": 0.0001416394309331681,
        "n": 3
      },
      "Recall@10": {
        "mean": 0.9839722222222221,
        "std": 0.00021872244094474843,
        "n": 3
      },
      "MRR": {
        "mean": 0.9545751987996961,
        "std": 0.000303179127973713,
        "n": 3
      }
    },
    "gac_tfidf_structure": {
      "MAP@R": {
        "mean": 0.2837114080362665,
        "std": 0.034040300725591555,
        "n": 6
      },
      "Recall@1": {
        "mean": 0.9047638888888888,
        "std": 0.018193877217621217,
        "n": 6
      },
      "Recall@5": {
        "mean": 0.9656805555555557,
        "std": 0.010684708772035355,
        "n": 6
      },
      "Recall@10": {
        "mean": 0.9794444444444445,
        "std": 0.006845461233998256,
        "n": 6
      },
      "MRR": {
        "mean": 0.9321269217626881,
        "std": 0.014496743145864487,
        "n": 6
      }
    },
    "gac_tfidf_structure_normid": {
      "MAP@R": {
        "mean": 0.45899509502858904,
        "std": 0.0004935983833751733,
        "n": 3
      },
      "Recall@1": {
        "mean": 0.9599444444444444,
        "std": 0.00021872244094480015,
        "n": 3
      },
      "Recall@5": {
        "mean": 0.98775,
        "std": 0.0,
        "n": 3
      },
      "Recall@10": {
        "mean": 0.9926666666666667,
        "std": 0.0,
        "n": 3
      },
      "MRR": {
        "mean": 0.9719767150485851,
        "std": 0.0001581196010234857,
        "n": 3
      }
    },
    "tfidf_token": {
      "MAP@R": {
        "mean": 0.20569082503837807,
        "std": 0.00020105931834357772,
        "n": 3
      },
      "Recall@1": {
        "mean": 0.8323333333333333,
        "std": 0.0006804138174397873,
        "n": 3
      },
      "Recall@5": {
        "mean": 0.9323888888888888,
        "std": 0.00034916125249935976,
        "n": 3
      },
      "Recall@10": {
        "mean": 0.9554444444444444,
        "std": 0.0003424674446093979,
        "n": 3
      },
      "MRR": {
        "mean": 0.876726843049808,
        "std": 0.0004147364126856099,
        "n": 3
      }
    },
    "tfidf_token_normid": {
      "MAP@R": {
        "mean": 0.35998495686255866,
        "std": 0.0007062304437051106,
        "n": 3
      },
      "Recall@1": {
        "mean": 0.9024444444444444,
        "std": 0.0004530418452861023,
        "n": 3
      },
      "Recall@5": {
        "mean": 0.9639444444444445,
        "std": 0.0001416394309331173,
        "n": 3
      },
      "Recall@10": {
        "mean": 0.9769444444444444,
        "std": 0.00015713484026365994,
        "n": 3
      },
      "MRR": {
        "mean": 0.929433001170857,
        "std": 0.0002724509926639705,
        "n": 3
      }
    }
  }
}